{
  "return_per_racehorse": [
    0.013467747846807238,
    0.0303611569238332,
    -0.005206997129064791,
    0.03534374809114173,
    0.041269775823106786,
    -0.0010634658847913398
  ],
  "batchsize": 128,
  "optimal_lay": 475,
  "max_bs_list": [
    0.005305892974138258,
    0.0042066989466548,
    0.004356683790683748,
    0.0054649658966809496,
    0.0047260546591132895,
    0.005486234091222286
  ],
  "max_ls_list": [
    0.9948816299438477,
    0.9956962347030642,
    0.9953783750534058,
    0.994489312171936,
    0.9954745054244996,
    0.9941666126251221
  ],
  "features_per_horse": 60
}