{"max_bs_list": [], "max_ls_list": [], "features_per_horse": 60, "batchsize": "1000", "return_per_racehorse": [0.0, 0.0, 0.0, 0.016965105760001105, 0.0, 0.0], "optimal_lay": [], "norm": {"x_scale": [0.001, 0.001463278567084463, 0.005, 0.001, 0.001, 0.001423322828475337, 0.023255813953488372, 0.14571165391691643, 0.03641774884805787, 0.1648116735296158], "x_min": [0.0, 0.0, 0.0, 0.0, 0.0, 0.0, -0.023255813953488372, 0.32842553367538935, 0.2185064930883472, 0.0]}}