{
  "batchsize": 64,
  "max_bs_list": [100],
  "max_ls_list": [-100],
  "features_per_horse": 60,
  "return_per_racehorse": [
    0.07720481338953018,
    0.05299737340419027,
    0.023616761346283034,
    0.05308350131329786,
    0.02069818581638256,
    0.03041994991142869
  ],
  "optimal_lay": 200
}