{"max_bs_list": [], "max_ls_list": [], "features_per_horse": 60, "batchsize": 50, "return_per_racehorse": [0.0321128511061397, -0.003099676858066183], "optimal_lay": [], "norm": {"x_scale": [0.0010010611247922797, 0.0018764331257998294, 0.14005602240896362, 0.0010020240886590914, 0.0016313213703099511, 0.002020001978730003, 0.038461538461538464, 0.18637694819592956, 0.052411111147826095, 3.9236395039147616, 0.07965424892153246, 1.9690262442390278, 0.41378402147037163, 0.06910937159753819], "x_min": [-0.0010611247922798165, -0.0037528662515996587, -0.14845938375350143, -0.0020240886590913647, -0.0032626427406199023, -5.7134283886809214e-05, -0.07692307692307693, 0.32545785026935004, 0.30157325648349526, -3.016374151858036, -0.035505235979922056, -1.7600312250482113, -0.13274185536469274, -0.03148315817221184]}}